lieu,latitude,longitude,COUNT(uo.order_id)
"Non Disponible",14.733641980815491,-17.427769514482165,185
"KFC MERMOZ, Dakar, Sénégal",14.7118984,-17.4764972,1
"Wave Sénégal, Dakar, Sénégal",14.7296452,-17.472169,2
"Pharmacie Atlantique Mamelle, Dakar, Sénégal",14.7299034,-17.499487,1
"Brioche Doree de Yoff, Dakar, Sénégal",14.755995,-17.4753367,1
"Brioche Dorée Ngor, Dakar, Sénégal",14.7435236,-17.5114258,2
"Pharmacie LAT DIOR, Allees Papa Gueye Fall",14.678948,-17.4421988,3
"La PLAYA",14.6735517,-17.45110159999999,2
"SICAP Baobab",14.7078265,-17.463989,77
"Sacré cœur 3",14.7226588,-17.467538,482
"MATHYDY - Montres et accessoires - ShowRoom de Mermoz, Rue MZ 83",14.7092669,-17.47181059999999,1
"Point E",14.6961653,-17.4602919,251
"Ville de Dakar",14.6815591,-17.4451049,86
"UBA Bank Plateau, Rue de la République",14.6648091,-17.4347396,1
"Bureau Opérationnel de Suivi du PSE, Immeuble talix, Rue 4",14.6987341,-17.4633787,1
"2 Cite SIPRES",14.7389815,-17.2855489,2
"Sea Plaza",14.6934852,-17.4745259,44
"KER YOFF",14.7460988,-17.458372,185
Guédiawaye,14.7828199,-17.376013,297
Fass,14.691,-17.4543767,196
SIPRES,14.6937959,-17.4695471,39
"NGOR ALMADIES, Rue NG 97",14.7461465,-17.5094992,1
"Bureau Opérationnel de Suivi du PSE",14.6633475,-17.4372211,3
"Pharmacie Ngor-Almadies, Route Ngor Village",14.7463352,-17.5128969,2
"Brioche Dorée Ngor",14.7435236,-17.5114258,43
Gelato,14.7389888,-17.5098034,5
"Aroma Gelato Sénégal",14.7037673,-17.4692075,10
"front de terre zone de captage ",14.7275273,-17.4431148,1
"SST, Route du Front de Terre",14.7269548,-17.4445015,3
"Clinique du Cap, Avenue Pasteur",14.6531271,-17.4339523,3
"Zone de captage, Route du Front de Terre",14.7275273,-17.4431148,1
"Gendarmerie Foire",14.7451124,-17.4672992,133
"La Brioche Dorée Virage",14.7545689,-17.4941678,14
"La Brioche Dorée Bop Niary Tally",14.7042624,-17.4512106,15
"Hamo 4",14.7825528,-17.3885791,59
"Virage+221 773121063",14.7534437,-17.4920884,1
"Brioche Dorée Ngor, Ngor",14.7435236,-17.5114258,1
"Agence Sonatel des Parcelles assainies",14.7535414,-17.4334631,6
"Yaas Hotel Dakar Almadies, Route des Almadies",14.7426257,-17.520273,1
"Services d'assurances automobiles yoff",14.7542479,-17.4885774,11
"Pharmacie Des Mamelles",14.7264628,-17.5010752,9
"56 Rue YF 57, Dakar, Yoff, Rue YF 57",14.7568314,-17.4920853,105
"Mermoz vdn",14.7059049,-17.4708558,23
"Rue 9, Dakar, Mermoz-Sacré-Cœur, Rue 9",14.7103588,-17.4681977,5
"Cité Elisabeth Diouf",14.734058,-17.4224,22
"70 Rue DK0179ALM, Dakar, Mermoz-Sacré-Cœur, Rue DK0179ALM",14.7100188,-17.4684676,3
"Zone de captage Grand Yoff",14.7331562,-17.4433655,13
"Marche Kermel",14.6705731,-17.4287765,89
"Zone de captage",14.728783,-17.4429164,1094
"Parcelles case bi",14.7559308,-17.4306742,14
"8569 Rue SC 129, Dakar, Sicap-Liberté, Rue SC 129",14.7174352,-17.4641767,2
"Ouest Foire Tally Wally Seck",14.7483371,-17.4710442,475
"Corniche des Almadies, Dakar, , Corniche des Almadies",14.74094138584657,-17.52203095039367,36
"Auchan Mermoz",14.6996625,-17.4700538,45
"The Jungle Dakar",14.7418526,-17.5218479,5
Wakam,14.7251519,-17.4952004,3
"1834 Cor des Almadies, Dakar, Ngor, Corniche des Almadies",14.7410415,-17.5219817,3
"Ngor Gendarmerie",14.745981,-17.5143716,110
Virage,14.7534437,-17.4920884,255
"Pharmacie LAT DIOR",14.678948,-17.4421988,22
"179 Boulevard Canal VI, Dakar, Grand Dakar, Boulevard Canal VI",14.698,-17.449062,2
"Pikine Icotaf",14.7636355,-17.3855501,97
"Restaurant Le Kabylie",14.7342631,-17.5084692,3
"Hotel du Phare Les Mamelles",14.7301233,-17.5014224,11
"Comptoir commercial du Sénégal (CCS)",14.6836203,-17.4387999,1
"125 Avenue Place 71",14.6671599,-17.4369955,1
"Cheikh Ibrahima keita",14.7281737,-17.4699242,130
"2784 N1, Dakar, , N1",14.7441554,-17.3994161,1
"Auto Ecole Amitie 2",14.7987884,-17.3369931,22
Colobane,14.6944952,-17.4455042,620
"FN-36, Dakar, , FN-36",14.681939093922784,-17.46122441071351,13
"Boulevard Canal 4, Dakar, , Boulevard Canal 4",14.681924202918486,-17.461056753839586,17
Ngor,14.7441621,-17.5120556,262
"Mosquée TOUBA Mamelles",14.7306984,-17.5022619,3
"Yoff Virage Toundoup RYA (10 274, Dakar, Yoff, ",14.7550589,-17.4929507,1
"Firdaws School Cite Mixta Residence De La Paix",14.7476776,-17.456344,1
"Brioche Doree de Yoff",14.755995,-17.4753367,40
"Dieuppeul Derkle",14.7249629,-17.4514192,212
"Mermoz Sacre-coeur",14.7034173,-17.4746142,121
"Liberte 6 Extension",14.7292135,-17.469165,711
"Allées Papa Gueye Fall, Dakar, , Allées Papa Gueye Fall",14.678958002101282,-17.442109967869783,123
Pikine,14.7589446,-17.3937536,156
"Grand Yoff",14.7328281,-17.4561914,322
Dakar-Plateau,14.6629438,-17.4374803,121
"Unnamed Road, Dakar, Parcelles Assainies, Unnamed Road",14.7566633,-17.4498027,165
"519 Rue Tally Bou Mak, Dakar, , Rue Tally Bou Mak",14.7522944,-17.3995241,1
"La Royaltine",14.6672222,-17.4372222,15
"BP 3796 RP Autoroute Seydina Limamou Laye - route de l'Aéroport LSS Avant pont foire, Dakar, Patte d'Oie, ",14.7461583,-17.4587917,1
"Route sans nom, Dakar, Fann-Point E-Amitié, Route sans nom",14.6922483,-17.4651367,40
"Auchan Liberté 6 Extension",14.728137,-17.4698989,45
"Sipres Mbao",14.7257158,-17.31607,14
"564 Rue 1, Dakar, Dieuppeul-Derklé, Rue 1",14.7262351,-17.4504563,1
"Patte d'Oie",14.7483723,-17.4395893,284
"Rue MZ-75, Dakar, , Rue MZ-75",14.709820015434442,-17.47320985774682,37
"194 Rue 29, Dakar, Biscuiterie, Rue 29",14.7081423,-17.4472971,1
"Ouagou niaye",14.7111341,-17.4484616,2
Sandaga,14.716677,-17.4676861,322
"71 Rue GY 332, Dakar, Grand Yoff, Rue GY 332",14.7404441,-17.4473917,1
"Sonatel Academy",14.7033048,-17.4690111,1
"Saint lazarre",14.7283799,-17.4744771,7
Yoff,14.7471263,-17.4902556,361
Auchan,14.7117017,-17.4769932,1
"Unité 15",14.7641424,-17.4447648,69
"Rue 14, Dakar, , Rue 14",14.694977192120678,-17.444264277371502,53
"La Deliziosa Gelato - Yaourt - Café",14.7457737,-17.5103148,17
"Nord Foire",14.7523942,-17.4602919,597
Maristes,14.740834,-17.435539,848
Mariste,14.7340093,-17.4291679,34
"Cité Keur Gorgui",14.7117003,-17.4684255,417
"Rue Lamine Barry (ME-25), Dakar, , Rue Lamine Barry (ME-25)",14.683057063895657,-17.45003492813139,17
Kaolack,14.1652083,-16.0757749,6
"398 Rte Mbour - Fatick - Kaolack, Kaolack, , Route Mbour - Fatick - Kaolack",14.1470589,-16.0895784,1
"Route sans nom, Dakar, Yoff, Route sans nom",14.73702,-17.4908773,284
"Route de la Corniche Ouest, Dakar, , Route de la Corniche Ouest",14.706239174133824,-17.484213737787197,69
"1414 Rue GY-137, Dakar, Grand Yoff, Rue GY-137",14.7349205,-17.4545349,1
"14, Dakar, Les Parcelles Assainies, ",14.7537763,-17.4368717,1
"Hlm grand yoff",14.7422502,-17.4551161,479
"Route sans nom, Dakar, Les Parcelles Assainies, Route sans nom",14.7624011,-17.4451917,99
"Rue Daya (BB-90), Dakar, , Rue Daya (BB-90)",14.708537183314329,-17.46223026919874,8
"rue HLM-198, Dakar, , rue HLM-198",14.70967531323421,-17.44240068270027,17
Castors,14.7248424,-17.4455768,18
"Station Shell Ouest Foire",14.7465202,-17.4672434,18
"318 Rue KA 20, Dakar, Mermoz-Sacré-Cœur, Rue KA 20",14.7051813,-17.4653562,1
"Rte de l'Aeroport, Dakar, Yoff, Route de l'Aeroport",14.7554283,-17.4744983,12
"Cité Aliou Sow",14.7717952,-17.4126863,130
"Keur Massar, Dibiterie",14.7748532,-17.3259005,6
"Guinaw Rails Nord, Dakar, Thiaroye Gare, ",14.752805,-17.3868717,2
"Rue LIB 50, Dakar, Sicap-Liberté, Rue LIB 50",14.727334,-17.4677772,1
"La Brioche Dorée HLM",14.7158752,-17.4458232,8
"Voie de Dégagement Nord, Dakar, , Voie de Dégagement Nord",14.740851719838675,-17.471210414527878,166
"Casino du Cap Vert",14.751058,-17.502718,17
"Allees Papa Gueye Fall",14.6778691,-17.441456,15
"KFC MERMOZ",14.7118984,-17.4764972,44
"1232 Rte des Almadies, Dakar, Ngor, Route des Almadies",14.7419694,-17.51932,1
"EMG UNIVERSAL AUTO, Avenue Fahd Ben Abdoul Aziz, Autoroute Echangeur de Hann, Dakar Sénégal",14.7263989,-17.4409342,21
"Hann Ferrailles",14.7305381,-17.4236013,2
"Av. du Cardinal Hyacinthe Thiandoum, Dakar, Grand Yoff, Avenue du Cardinal Hyacinthe Thiandoum",14.7299834,-17.4574032,4
"8607 E Rue SC 123, Almadies, Sicap-Liberté, Rue SC 123",14.7176581,-17.4661265,2
Medina,14.6821999,-17.450951,677
"Keur Massar",14.786368,-17.311941,599
"LIB-42, Dakar, , LIB-42",14.729066499550026,-17.468233539112777,85
"Ngor Virage",14.7339508,-17.5067498,37
"1053-807 Rte de King Fahd, Dakar, Ngor, Route de King Fahd",14.7414629,-17.5187847,1
"1458 Cor des Almadies, Dakar, Ngor, Corniche des Almadies",14.7408972,-17.5178929,10
"Liberté 6 extension cité CPI villa 46 près du jardin",14.7328284,-17.4723417,55
"GROUPE IAM",14.7051201,-17.4730616,45
"Scat Urbam",14.738214,-17.4576887,289
"Parcelles Assainies",14.7609131,-17.441068,471
"Rue MZ 65",14.7092972,-17.4725202,6
"57 Rue OKM 17, Dakar, Ouakam, Rue OKM 17",14.7291224,-17.5015303,22
"Brigade Gendarmerie de Keur Massar",14.7793294,-17.32212119999999,19
"SN City Informatique",14.7627846,-17.2356653,9
"Almadie 2",14.755662,-17.2838502,19
"Rue PA-13-29, Dakar, , Rue PA-13-29",14.755748753876917,-17.437504419689976,1
Niacourab,14.716677,-17.4676861,1
"BANQUE ATLANTIQUE Agence HLM",14.7052509,-17.4477091,2
"128 Rue Limamou Laye",14.6896233,-17.4480226,1
"School Japanese Maristes",14.7351536,-17.4257418,165
PG9R+CQP,14.7185875,-17.4580469,1
"Cité horizon",14.7370021,-17.474814,4
"26 Rue OKM 444, Dakar, Ouakam, Rue OKM 444",14.7292413,-17.4958559,3
"La Galette",14.6696749,-17.4334545,55
"S.I.C.A.P. Liberte 6",14.7268597,-17.4632496,18
"SENELEC BEL AIR",14.6905324,-17.4345983,9
"Rue-B, Dakar, , Rue-B",14.69851962253357,-17.463317080688746,15
"1053 Rte de King Fahd, Dakar, Ngor, Route de King Fahd",14.7409411,-17.517952,1
"Hamo 4 Beach",14.7855838,-17.3927341,2
"NDINDY TRANSIT SARL, 19, RUE ROBERT BRUN PLATEAU DAKAR-PLATEAU, DAKAR",14.6726696,-17.4368139,5
"Rue GY-03, Dakar, , Rue GY-03",14.740399389585722,-17.468946015031882,4
"CADIPAD SARL,14, RUE ROBERT BRUN PLATEAU DAKAR-PLATEAU, DAKAR SENEGAL",14.6727294,-17.4369175,1
"Niarry tally",14.7085304,-17.4538799,126
"Rue 4 / Rue de Kolda, Dakar, , Rue 4 / Rue de Kolda",14.698641719001833,-17.46367136620693,11
"Clinique Dentaire Dabia",14.7389937,-17.4627771,3
"Allees Papa Gueye Fall, Dakar, Dakar-Plateau, Allees Papa Gueye Fall",14.6789473,-17.4421209,21
"Rufisque Bargny",14.7223959,-17.2807969,6
Diamniadio,14.065613,-16.57579,38
"KFC FIRST LADY CORNICHE",14.6871519,-17.4693139,21
"Patte d'oie Builders",14.748601,-17.4366319,279
"Senebusiness Company",14.7614567,-17.4594849,114
"57 Rue OKM 17",14.7286568,-17.5015865,4
"Exotik Beach",14.7397747,-17.5179178,3
"COLOBANE MARCHE GAMBIE DAKAR SENEGAL",14.6965914,-17.4434731,138
"Nouveau commissariat parcelles unité 15",14.7623233,-17.4398176,20
"Mosquée CICES Foire",14.7429472,-17.46110849999999,82
VDN,14.7302386,-17.4726702,84
"Leopold Sedar-Senghor International Airport",14.7439195,-17.4901797,11
"Rond Point Croisement Cambérène",14.7453424,-17.4244641,15
"Showroom Hyundai",14.7248608,-17.4709032,3
"D 100, Dakar, , D 100",14.743656450959566,-17.424202742994368,11
MATFORCE,14.7253313,-17.4701919,1
"A 1, Dakar, , A 1",14.743903989770411,-17.42861772240475,14
"Mbao Villeneuve",14.745553,-17.3301887,25
"Avenue G. Pompidou",14.6693709,-17.4351986,5
"Tally Boubess",14.7552433,-17.3933957,31
"Mbao VilleNeuve Cité Adjia Mareme Diop Makhtar",14.7460146,-17.3270381,14
"Deux Mamelles",14.740833,-17.53,264
"LERAL TV SENEGAL",14.7506404,-17.4708407,9
"Panam'as Ouakam",14.7279279,-17.4921468,48
Soprim,14.7357484,-17.4639544,127
"Amitié 3",14.7045,-17.4679617,67
"Ngor Almadies",14.7461465,-17.5094992,130
"KATIA - Pâtisserie - Pizzeria - Restaurant - Lounge",14.7486234,-17.5069047,71
"8 Rue NG 233, Dakar, Ngor, Rue NG 233",14.7538975,-17.498682,1
"Vision Com Plus",14.7222648,-17.4553947,3
"Place de l'Independance",14.6697094,-17.4320111,161
"Rond Point Case bi",14.756685,-17.4288257,146
"Bureau des passports",14.7180183,-17.4560816,7
"Pharmacie Mame Oumy Gueye",14.7172017,-17.4670997,4
HLM,14.7001174,-17.4455042,261
"BOA Agence Nord-Foire",14.750371,-17.4642086,23
"Marché HLM",14.7055843,-17.4442943,268
"Pharmacie Wagane Diouf",14.6719178,-17.4341329,5
"U.C.A.D (Université Cheikh Anta Diop ) Dakar",14.6925508,-17.4618345,28
SEDIMA,14.7510298,-17.2877147,79
"La Tarbiya Bourguiba",14.7171381,-17.4519205,5
"Cité ATTAYA",14.7476351,-17.459041,125
"SAAR SENEGAL",14.7133794,-17.4757142,3
"rue GY-71, Dakar, , rue GY-71",14.736040153292889,-17.464563309431657,31
"20 Rue PO 123, Dakar, Patte d'Oie, Rue PO 123",14.750238,-17.4379822,2
Dior,15.098306,-16.513803,5
Thies,14.7910052,-16.9358604,7
"Ouest Foire",14.7506311,-17.4708861,958
"543 N1, Dakar, , N1",14.7179377,-17.2790587,42
"Cité GADAYE",14.7918133,-17.3628654,37
GADAYE,14.7865826,-17.3664733,40
PGGP+C7V,14.7261125,-17.4643281,1
"Yassir Senegal",14.7139375,-17.4695625,1
"School Hamo 4",14.7831896,-17.3883019,7
SGBS,14.7160738,-17.2748233,10
"11 Rue GY 603",14.7291396,-17.4438504,3
"Route des Niayes, Dakar, , Route des Niayes",14.754478745176227,-17.432741392420077,77
"M A",14.4458049,-16.991903,1
"derrière la, Dakar, Ngor, ",14.7408055,-17.5151969,1
"Marché Jeudi",14.775803,-17.4019776,35
Petit-Mbao,14.7333129,-17.3338839,170
"Boulangerie baye Gainde",14.7118265,-17.4450353,27
Senegal,14.497401,-14.452362,5
"Allee 409, Dakar, Grand Yoff, Allee 409",14.7384695,-17.4519924,1
"Sacré cœur",14.720162,-17.4632182,53
"Rond point ngor",14.7582562,-17.4788734,36
"Mosquée Cite Magistrat (Derrière Ker Yoff)",14.7470146,-17.4571313,75
Venisia,14.6872745,-17.451801,13
"25 Rue 6, Dakar, Medina, Rue 6",14.67721,-17.4522017,1
PAI,14.7721009,-17.4043801,19
"Unite 24",14.755362,-17.449201,27
"Marathon Boutique",14.7587685,-17.4656483,110
Ouakam,14.7237121,-17.4942333,564
Pharmacie,14.7599374,-17.4521929,8
"Station Keur Masar",14.786368,-17.311941,11
"Round Point Liberté 6",14.7291877,-17.469145,1
"Residence Water Front",14.7071037,-17.4853887,6
"Rue YF 145, Dakar, Yoff, Rue YF 145",14.7591749,-17.4818884,1
"Sahelian Company of Companies",14.6976864,-17.43951059999999,2
"Sicap Mbao",14.7224607,-17.4511159,134
CEMAD,14.7308428,-17.5011186,34
DnDsas,14.7182016,-17.4642665,2
"Auchan Yoff",14.7538292,-17.4670725,24
"6421 Rue LIB 147, Dakar, Sicap-Liberté, Rue LIB 147",14.7250634,-17.4620011,1
"Clinique Dentaire Innovation Smile",14.7333047,-17.4964843,7
"Mosquée de la Zakat House",14.7299922,-17.4448947,6
"239 Rue GY 638, Dakar, Grand Yoff, Rue GY 638",14.7290323,-17.44528,69
"OKM-17, Dakar, , OKM-17",14.729150071579575,-17.501367882669808,15
"TotalEnergies Ngor",14.7520836,-17.5008431,5
Almadies,14.7435719,-17.51179,215
"GY-476, Dakar, , GY-476",14.740186385844082,-17.446712425258358,67
"Division des investigations criminelles (DIC)",14.6654687,-17.4390213,3
"Aéroport LSS cité Terme nord",14.7464804,-17.4861491,21
"Route de Diakhaye, Pikine, , Route de Diakhaye",14.75925749776865,-17.296329560510713,25
"School Nolivé",14.7254203,-17.4648208,11
"Mairie de Sangalkam",14.7767819,-17.2254085,1
"Fass delorme",14.6865942,-17.4508505,73
"Séné Pétrole Maristes",14.737469,-17.4325926,8
"Wakola Hotels",14.688493,-17.4517046,3
"Brioche Doree Bakery Diamalaye",14.7596696,-17.4523763,59
"School Les Pédagogues",14.741061,-17.4558012,19
"O Sushi Bar",14.7386574,-17.5100149,1
"Pharmacie ALMADIESxNGOR",14.7463352,-17.5128969,1
"Caesar's république",14.6651651,-17.4360326,9
"rue Henry Malan, Dakar, , rue Henry Malan",14.672312916065128,-17.43052746733786,10
"Muslim Cemetery Yoff",14.7576016,-17.4565949,27
"S.I.C.A.P. Liberte 5",14.7236313,-17.4595525,206
"Rue GT 63",14.6825442,-17.4552846,2
"Marieme & Suzanne",14.7350718,-17.428058,61
"Dispensaire Yeumbeul Layene",14.7707658,-17.3632037,6
Mermoz,14.7162563,-17.4776686,197
"Auchan Castors",14.7236499,-17.4462281,28
"Mamelle Touba renaissance",14.7358047,-17.4969045,95
"Rue SC 02",14.724406,-17.4664421,4
"Rue ( AAB-27), Dakar, , Rue ( AAB-27)",14.6985281214832,-17.456489438982718,1
Nguinth,14.8072868,-16.925531,2
"Nguinth deux voies",14.8060573,-16.9266674,2
"FUN FOOD",14.7046807,-17.4632601,17
"Clinique Raby",14.7229229,-17.4545181,45
"Dakar Olympic swimming pool",14.6959191,-17.4618318,7
"Church Saint Paul De Grand Yoff",14.739366,-17.4471373,121
"GUEULE TAPEE",14.6817769,-17.4582218,146
"Rue GY-40, Dakar, , Rue GY-40",14.738142772482025,-17.47151638805639,138
"ONOMO Hotel Dakar",14.7566585,-17.48566959999999,115
"Parcelles Assainies Unité 13",14.7548714,-17.4373712,113
"Rue GY-35, Dakar, , Rue GY-35",14.738017714639797,-17.47122606626103,63
"Exclusive Supermarket",14.7389262,-17.4726148,109
"Le Suprême",14.7539425,-17.4942318,1
"Mosquée liberté 5A",14.7221323,-17.4608137,5
"Diamalaye Yoff",14.760593,-17.4680669,47
"Marché ALIZE",14.6719323,-17.4283779,58
"Rue GY-22, Dakar, , Rue GY-22",14.740162545338043,-17.47011659802974,13
"Planète kebab",14.7131248,-17.4415782,2
"Croisement Keur Massar",14.7478278,-17.3252597,8
"Kaolack-Diourbel Rd, Kaolack, , Kaolack-Diourbel Road",14.1749043,-16.0746935,1
"Pharmacie Plusss...",14.7313066,-17.4319459,9
"Leopold Sedar-Senghor Stadium",14.7467034,-17.4519086,36
"ZGM-02, Dakar, , ZGM-02",14.750091801667278,-17.44913841455707,24
"Pharmacie Fatou Ideu Sy",14.7434292,-17.4589398,18
"Avenue Seydina Limamoulaye, Dakar, , Avenue Seydina Limamoulaye",14.744470763075558,-17.450806221740503,157
"MATHYDY - Montres et accessoires - ShowRoom de Mermoz",14.7092669,-17.47181059999999,11
"Sambene boutique terminus du bus P7",14.7326274,-17.49295279999999,33
"Impôts et Domaines Foire CICES",14.7434646,-17.4694037,48
"Grand Mosque of Dakar",14.6780036,-17.4429427,25
"S.I.C.A.P. Liberte 3",14.7170599,-17.4536373,106
Rufisque,14.71554,-17.270929,186
"Mosquée de Thiokho",14.7176301,-17.279897,54
"Rue 6",14.6770009,-17.4518628,31
"Yum-Yum Ouakam",14.718331,-17.4867393,14
"Abs American Baby Shop For Less Shop For Babies Puériculture Vêtements Et Jouets",14.7236632,-17.462215,4
"Rue Lamine Barry, Dakar, , Rue Lamine Barry",14.678412211452331,-17.45467006717094,7
"Sacre Coeur 3 Extension",14.7226019,-17.4728622,41
"Liberté VI Extension Nord - N°136, Dakar, Sicap-Liberté, ",14.7270765,-17.4702642,1
"Lot 10 Rte des Almadies, Dakar, Ngor, Route des Almadies",14.7469503,-17.5203205,1
"Dakar Railway Station",14.6756635,-17.4333973,2
"Rue-9, Dakar, , Rue-9",14.704806644045885,-17.463201449684146,3
"Auchan Point E 2",14.7030184,-17.4616876,12
"Avenue du Président Lamine Gueye, Dakar, , Avenue du Président Lamine Gueye",14.669582367417553,-17.437375550501347,58
"boulangerie camberene 1",14.7704719,-17.4239879,72
"Centre commercial Touba Sandaga , Dakar, Dakar-Plateau, ",14.6705162,-17.4374586,1
"King Fahd Palace Hôtel",14.7435719,-17.51179,56
"48 Rue P. Holle, Dakar, Dakar-Plateau, Rue Point Holle",14.6709167,-17.4377529,1
"Auchan Fann Résidence",14.6918386,-17.4734762,15
"Pharmacie Ndingala cité Fadia",14.7637416,-17.4221752,140
"Rue PA5 21, Dakar, Guédiawaye, Rue PA5 21",14.7655161,-17.426223,1
"1012 Rue de Commerce, Ziguinchor, , Rue de Commerce",12.5883367,-16.2747543,1
"Loft Derriere Chez Katia",14.7474112,-17.5083195,22
"Rue PE-40, Dakar, , Rue PE-40",14.697378471291938,-17.458954742455038,4
Derkle,14.72538,-17.4551161,118
"Saveur D'Asie",14.7227673,-17.4529098,3
"225 Rue YF 579, Dakar, Yoff, Rue YF 579",14.747394,-17.4663101,88
"COMMISSARIAT DE POLICE ZAC MBAO",14.7345102,-17.3010799,13
"MZ-83, Dakar, , MZ-83",14.708555138264478,-17.475031619374036,15
"Municipal SAMU Grand Yoff",14.7386537,-17.4655798,43
"61 Rue GY 496, Dakar, Grand Yoff, Rue GY 496",14.7378085,-17.4481902,1
"Suma Assistance",14.710544,-17.4699341,6
"Rue Colbert, Dakar, , Rue Colbert",14.66896714578725,-17.431425688999834,5
"Rue Jules Ferry",14.6664846,-17.434979,6
"CHINA MALL",14.7045348,-17.4756861,9
"GY-120, Dakar, , GY-120",14.730981996424124,-17.461905022132207,16
"Fondation Kéba Mbaye",14.697881,-17.464879,2
"Institut AL IRCHAD-Université Du Ramadan",14.7545668,-17.4712859,2
Centenaire,14.6783125,-17.44840439999999,170
"Marché Eglise",14.7590631,-17.438802,18
"Rue FA-22 Prolongée, Dakar, , Rue FA-22 Prolongée",14.688566090829804,-17.45604616587419,9
"Wakola Hôtel Cheikh Anta",14.6883469,-17.4561024,13
"THEY ROYAL Bountou Pikine",14.7475415,-17.3982616,3
"Salle de vente",14.6743107,-17.4372788,25
"Rufisque cité tacco",14.7384641,-17.2681097,3
"H.L.M 5",14.7079053,-17.4447648,257
"Médina Yoro Foulah Department",13.28891,-14.71435,2
"13 Rue MZ 155, Dakar, Mermoz-Sacré-Cœur, Rue MZ 155",14.7119676,-17.4773283,1
"Supermarché CITE MOURTADA 2",14.7412761,-17.431348,6
agroproduits-akhmatcons,14.7275255,-17.4704873,22
"1178 Rue LIB-242, Dakar, Sicap-Liberté, Rue LIB-242",14.7130724,-17.4613984,1
"Cité mbackiyou faye, Koita fall",14.7369613,-17.4975099,1
"648 Rue GY-184, Dakar, Grand Yoff, Rue GY-184",14.7400194,-17.4603097,1
"Recette et Perception Municipal",14.6717487,-17.4323345,4
"Restaurant Swiss Palace",14.6977725,-17.4600196,11
"6 Rte des Almadies, Dakar, Ngor, Route des Almadies",14.7446971,-17.5176936,3
"6 Rte des Almadies",14.7405732,-17.5162734,3
"Philip Morris West Africa",14.7445665,-17.5108076,55
"Gendarmerie Nationale Caserne Samba Diery Diallo !",14.6909373,-17.4428775,33
"Unité 7",14.7630911,-17.4312298,11
"PHARMACIE NATIONALE D'APPROVISIONNEMENT(PNA) DU SENEGAL",14.7197881,-17.4380912,3
"228 Rue PA16-38, Dakar, Les Parcelles Assainies, Rue PA16-38",14.7631842,-17.442654,2
Esp,14.761043,-17.455829,34
"School Normal Top De Dakar",14.6993901,-17.4665698,11
"Ecobank Yoff",14.7546775,-17.4679465,34
"Keur Massar Cite Safco",14.7863686,-17.2915872,12
"Gendarmerie Maristes",14.7390951,-17.4236029,4
"Pharmacie Carrefour Castors",14.7217009,-17.4476173,6
"Ads aeroport",14.7480555,-17.4928871,10
"Isec Sacré Cœur2",14.7144869,-17.4652971,52
"1412 Avenue Place 71, Dakar, Dakar-Plateau, Avenue PL 71",14.6718861,-17.4373965,1
Masalik,14.7012445,-17.4485572,1
"parcelles assainies unité :12",14.7626761,-17.4395755,93
Gorée,14.6678596,-17.3989282,1
"Station Shell ARAFAT",14.7378802,-17.4550599,3
"12 Rue FA 46, Dakar, Fass, Rue FA 46",14.6942921,-17.4497987,3
"The Seoul Restaurant 2.0",14.7061001,-17.4666375,10
"143 Rue YF 277, Dakar, Yoff, Rue YF 277",14.7593416,-17.4717206,30
"Hann Maristes HB-242, Dakar, , Hann Maristes HB-242",14.743695866260923,-17.427417321334662,87
"Ancienne Piste, Dakar, , Ancienne Piste",14.711030103807131,-17.47930006352984,47
"pointe des Almadies",14.7410678,-17.5298029,20
"Golf Sud",14.7753368,-17.4090132,135
"Parcelles Assainies Unité 26",14.753727,-17.4521585,406
"Rue PL 70",14.6709172,-17.4381764,9
"Residence MÉRIDIENNE",14.743248,-17.5203517,1
"PHARMACIE CONSEIL",14.7368806,-17.4647274,24
"Mosquée des Parcelles Assainies Unité 15",14.764212,-17.4465474,16
"Mosquée Zone/B",14.6988827,-17.4552675,60
"Station Elton Mermoz",14.7036622,-17.4752665,31
"Pharmacie El Hadj Malick Sy",14.6749759,-17.4481763,7
"Lycee Technique D'industrie Delafosse",14.6861957,-17.4590753,4
"VDN extension 3b Malika-Tivaouane Peulh, Dakar, Guédiawaye, VDN extension 3b Malika-Tivaouane Peulh",14.792792792792792,-17.368461534274257,7
"Pikine Rue 10",14.7569526,-17.3978444,238
"Camp Gendarme Leclerc",14.7333482,-17.4685661,1
"Clinique Casahous",14.669969,-17.4331369,4
"Taly Bumakk Market",14.7588692,-17.395359,95
"7 Rue DK0062SAL, Sangalkam, , Rue DK0062SAL",14.7563037,-17.2786082,17
"Marché Sandaga",14.6700662,-17.4376485,48
"Hann Bel-Air",14.69789,-17.4369451,52
"Arrêt Bus Sandaga, Dakar, Dakar-Plateau, ",14.6713782,-17.440266,1
"Marche thiaroye",14.754692,-17.3794474,15
"15 Rue M. N'Goun, Dakar, Dakar-Plateau, Rue M. N'Goun",14.6712193,-17.4405474,4
"Pont Hann",14.7254713,-17.4404667,3
"11 Av. Petersen, Dakar, Dakar-Plateau, Avenue Petersen",14.6747991,-17.4402126,22
"Marche Gueule Tapee",14.6794245,-17.45641,15
"Liberté 6",14.7227413,-17.4642941,69
"Mosquée Almadies 2 bis",14.7506778,-17.2817707,1
"71 Rue Felix Faure",14.6671771,-17.4369554,2
"Pullman Dakar Teranga",14.6676661,-17.4310298,16
"SICAP FOIRE DAKAR SENEGAL",14.7431017,-17.4606061,2
"Senelec Keur Gorgui",14.7091011,-17.4676039,20
"Cimetière cambérène",14.7699907,-17.4257983,1
"Jaaxay Terminus 56",14.7782445,-17.2958736,10
"UVS Hamo 5",14.7834419,-17.3844673,2
"Hann Maristes 1",14.7354543,-17.4248027,83
"Rue du Maréchal Gallieni, Dakar, , Rue du Maréchal Gallieni",14.661727584676642,-17.43730344512952,2
Conachap-Dakar,14.7348461,-17.4595364,1
"Cité Cosepi",14.7512137,-17.500233,1
"Terminus Liberté V",14.7231756,-17.4586283,81
"Pharmacie du Centre Aéré",14.7596224,-17.4625964,17
"Avenue du President Lamine Gueye",14.6715491,-17.4373888,12
"Avenue Lamine Gueye",14.794053,-16.9263563,15
"Unnamed Road, Dakar, Hann Bel-Air, Unnamed Road",14.7296742,-17.4239195,70
"Rue YF-525, Dakar, , Rue YF-525",14.762105049969913,-17.452142758507684,4
Conachap,14.7348775,-17.4595525,13
"Guinaw Rail Nord",14.7527106,-17.3834048,6
"Marché Dior",14.7580243,-17.4471873,148
Dieuppeul,14.716677,-17.4676861,103
"Yoff virage",14.7534402,-17.4920664,51
"Mbackiyou faye",14.7353202,-17.4912527,65
"351 Rue GD 60, Dakar, Grand Dakar, Rue GD 60",14.704085,-17.456828,11
"Sandaga Market",14.6722923,-17.4410428,168
"307 Rue HLM 16, Dakar, HLM, Rue HLM 16",14.7218557,-17.4437566,2
"Rue Wagane Diouf, Dakar, , Rue Wagane Diouf",14.668884771179899,-17.43373829638252,9
"Mixta Sénégal",14.7482957,-17.4548928,42
"Texaco Station",14.7612304,-17.3856697,19
"HB-227, Dakar, , HB-227",14.733786116637713,-17.434249756796184,152
"Pharmacie Martin Luther King",14.711108,-17.4719859,9
Castor,14.7251914,-17.4484616,241
"98 Avenue Place 71",14.6734254,-17.4375813,21
"Marché Ndiarème",14.7794739,-17.3806328,24
"128, Dakar, Dakar-Plateau, Avenue PL 71",14.673027,-17.4374996,4
"BAAMTU TECHNOLOGIES",14.7440023,-17.4702975,1
"Môle 8",14.6968294,-17.4244291,65
"Satguru Travel & Tours Services Ltd.",14.712781,-17.475796,3
"NINKA Boutique",14.7273569,-17.4493802,20
"Rue 37",14.68623,-17.4510486,13
"Rond point aéroport yoff",14.7484224,-17.4897784,26
"Rue GY-583, Dakar, , Rue GY-583",14.724043451395321,-17.452946930991978,40
"LOBATT FALL PIKINE",14.7571061,-17.3976541,22
"Pharmacie El Hadji Yaré",14.7132032,-17.4669961,1
Petersen,14.6756466,-17.4424302,105
"96 Rue FA 44, Dakar, Fass, Rue FA 44",14.6940257,-17.4512361,1
"137 Rue PO 110, Dakar, Patte d'Oie, Rue PO 110",14.7462587,-17.4395932,28
"273 Rue DD 45, Dakar, Dieuppeul-Derklé, Rue DD 45",14.7200885,-17.4533821,1
"1 Rue DK0171ALM, Dakar, Yoff, Rue DK0171ALM",14.7596516,-17.4704509,2
"Djolof Chicken Liberté 6",14.7338976,-17.4615656,23
"Keur mbaye fall",14.729852,-17.325817,153
"Cité Daméle",14.750052,-17.4539986,85
"Mosquée keur Baye Laye Gaye",14.6609617,-16.2405573,2
"Route sans nom, Diourbel, , Route sans nom",14.664865,-16.2419267,17
"Maki Medina",13.1475,-12.0852778,1
"Avenue Habib Bourguiba, Dakar, , Avenue Habib Bourguiba",14.706741540439737,-17.46042894339035,22
"Djily Mbaye",14.7615907,-17.4595525,48
"Lycée de Ouakam",14.7291695,-17.4940431,28
"Marché soumbédioune",14.677691,-17.4583609,50
"Rue GY 189",14.7407945,-17.4610132,12
"Route sans nom, M'bour, , Route sans nom",14.4338496,-16.9716526,2
"Route sans nom, Dakar, , Route sans nom",14.7423191,-17.2934754,162
"Route sans nom, Dakar, Grand Yoff, Route sans nom",14.730131,-17.442308,59
"Rue GIB 63",14.686408,-17.4430946,1
"18 Av. du Pr. L. Sedar Senghor, Dakar, Dakar-Plateau, Avenue du Pr. L. Sedar Senghor",14.666666666666666,-17.432912492557964,2
"112 Rte des Almadies",14.7370304,-17.509869,1
"Route de l'Aeroport, Dakar, , Route de l'Aeroport",14.751189119533164,-17.503727930650022,34
"Hospital General De Grand Yoff",14.7321263,-17.4451345,48
"Cité mbackiyou faye, crèche",14.7369613,-17.4975099,84
"Rue PL 127 & Avenue PL 116",14.6759125,-17.444327,3
"Mosquee cite des magistrats",14.7436831,-17.467044,56
"PA14-02, Dakar, , PA14-02",14.753216137191982,-17.44017136284843,17
"Malika Plage",14.801445,-17.33812,58
"Base Militaire",14.7191041,-17.4817357,2
"PA 16-37, Dakar, , PA 16-37",14.760770044884937,-17.440929575524844,4
"Unnamed Road, Dakar, Grand Yoff, Unnamed Road",14.7322712,-17.4493287,144
"181 Rue GY 157, Dakar, Grand Yoff, Rue GY 157",14.7351374,-17.4596814,1
"542 Rue YF 542, Dakar, Yoff, Rue YF 542",14.7523152,-17.4955482,11
"Castor en Face Senelec",14.721923,-17.4473657,20
"Dibiterie Koromack",14.7436549,-17.4587355,159
"Parcelles Assainies Unité 21",14.7542993,-17.4447648,196
"Cité Soprim",14.726775,-17.4680323,44
"417 Rue Tally Bou Mak, Dakar, , Rue Tally Bou Mak",14.7608157,-17.3934393,1
"Cité Tacko",14.71554,-17.270929,10
"130 Rue YF 608",14.7514487,-17.4673321,1
"Pharmacie Léopold Sedar Senghor",14.7064517,-17.4450474,45
"Boulangerie Jaune",14.7162851,-17.4634282,4
"Rue Mohamed V",14.6665403,-17.4342553,10
"SAPROLAIT Sénégal",14.6755251,-17.4386085,20
"Pharmacie Front de Terre",14.7269608,-17.4468098,35
"Avenue du Roi Fahd Ben Abdel Aziz, Dakar, , Avenue du Roi Fahd Ben Abdel Aziz",14.726606083622292,-17.44552114515169,86
"Rue BIS-59, Dakar, , Rue BIS-59",14.703783992825691,-17.45023811518207,40
"FN-38, Dakar, , FN-38",14.681694548581733,-17.460893021617697,13
"Bene Tally Pharmacy",14.7137894,-17.4496038,98
"La Brioche Dorée Parcelles Assainies",14.7491156,-17.4428468,37
"Pharmacie Mame Diarra Bousso",14.7515551,-17.4368894,24
"Cité apecsy 2",14.754905,-17.462126,54
"Cité ASECNA",14.745229,-17.470455,13
"26 Rue HLM 211, Dakar, HLM, Rue HLM 211",14.7028423,-17.4442152,13
"BEAUX MARAICHERS GARE ROUTIÈRE DE DAKAR",14.7410603,-17.4018502,120
"CEDT le G15",14.698503,-17.450501,3
"Polytechnic School",14.6824724,-17.4665644,48
"Thiaroye Gare",14.7562073,-17.3745346,41
"Marché Waranka",14.7505821,-17.3845989,8
"Jet d’eau",14.7132556,-17.4547216,29
"Rue Abdoulaye Seck Marie Parsine",14.6680116,-17.4416085,1
"SODIDA ZONE INDUSTRIELLE LOT N*24",14.7063289,-17.4389325,3
"9 Rue OKM 60",14.7275238,-17.4857104,7
Malika,14.796181,-17.337383,63
"Route de l'Aeroport",14.7483624,-17.462768,6
Sicap,14.7431017,-17.4606061,4
"Terrain de Basket SICAP Amitié 2",14.7017569,-17.457905,40
"DIBITERIE HAOUSSA CHEZ ALI",14.7037711,-17.456856,2
"Rue KD-20, Dakar, , Rue KD-20",14.74920072412192,-17.45525813499585,37
"150 Rue LIB 37, Dakar, Sicap-Liberté, Rue LIB 37",14.7257743,-17.4695088,5
"La Brioche Dorée Mbour",14.4253266,-16.9733368,1
"Route sans nom, M'bour, Madinatou Salam, Route sans nom",14.4422888,-16.9598896,1
"461 Rue GD 56, Dakar, Grand Dakar, Rue GD 56",14.7053114,-17.4554754,1
"3 Rue Rue A. Goux, Dakar, Dakar-Plateau, Rue Rue A. Goux",14.6744678,-17.4367094,1
"Rue PO 11, Dakar, Patte d'Oie, Rue PO 11",14.7445939,-17.4438944,1
"Baux maraîchers",14.7394686,-17.4029772,20
"Mairie Camberene",14.766513,-17.4303071,12
Tonghor,14.7626825,-17.4817357,53
"QUALIFRUIT KAWSARA",14.7552042,-17.4629704,1
"Sainte Thérèse",14.7009758,-17.4530913,3
"rue DF-121, Pikine, , rue DF-121",14.739774422865485,-17.41893247752579,17
"Hôtel Fleur de Lys Point E",14.6919641,-17.4579179,9
"Thiaroye azure",14.7433008,-17.355477,24
Coumbassou,14.7394005,-17.4597317,3
"Ô bon food",14.7475099,-17.4594011,61
"MonPrix Supermarket",14.7265439,-17.4934709,51
"Sicape foire",14.716677,-17.4676861,3
"Marché Arafat grand yoff",14.7351461,-17.4537593,5
"Route sans nom, Saint-Louis, , Route sans nom",16.0646158,-16.4535399,1
"Rue Jean Mermoz, Dakar, , Rue Jean Mermoz",14.661175924681658,-17.438232420278837,1
"44 Rue GY 06, Dakar, Grand Yoff, Rue GY 06",14.7407624,-17.4659575,1
"SC-99, Dakar, , SC-99",14.715759357588869,-17.46709772436355,30
"Ism School Of Management",14.6936105,-17.4595377,2
"Émile V Badiane",14.73256,-17.4531526,23
"Woré Boutique",14.7026317,-17.4484114,26
"Total Station Dior",14.7585739,-17.447445,13
"Fondation Rosa Luxemburg",14.7096588,-17.4780346,45
"98 Avenue Place 116",14.6763129,-17.4445117,1
"266 Rue GY 638, Dakar, Grand Yoff, Rue GY 638",14.7290434,-17.4453343,44
Gariland,14.7260006,-17.4743484,3
"La Gondole",14.6973044,-17.4656571,10
"Sicap karack",14.716677,-17.4676861,5
"Rue Monteil, Dakar, , Rue Monteil",14.682200018519172,-17.438420681419245,16
"Mariama Magassouba",14.7461926,-17.439413,1
"12 Bd El Hadj Djily Mbaye",14.6718933,-17.4307403,5
"Zac mbao cite senelec",14.7401078,-17.29846629999999,1
"Sicap foire",14.7047562,-17.458346,180
"Middle School Jean De La Fontaine",14.6868425,-17.4509263,37
"Rue GY 02",14.7413516,-17.4661511,7
"Rue Serigne Fallou Mbacké (BIS-17), Dakar, , Rue Serigne Fallou Mbacké (BIS-17)",14.717660299935629,-17.450144663289247,41
"135 Rue GY 312, Dakar, Grand Yoff, Rue GY 312",14.7426781,-17.451107,9
"Numero Uno",14.7372087,-17.4636855,34
"Avenue du Président Habib Bourguiba, Dakar, , Avenue du Président Habib Bourguiba",14.718319878362983,-17.44981149310681,30
"Boulangerie Jaune (Boulangerie,Pâtisserie,Restauration,Hôtels)",14.7189003,-17.4664667,15
"Go Sport",14.6855286,-17.4539733,2
"Venisia HLM",14.7102812,-17.4468261,20
"Salon de coiffure LP",14.7551015,-17.4633488,6
"8 Rue Armand Angrand, Dakar, Dakar-Plateau, Rue Armand Angrand",14.6725551,-17.4425352,4
"554 Rue GY-137, Dakar, Grand Yoff, Rue GY-137",14.7392209,-17.4480237,10
"Apecsy 1",14.7587716,-17.4705403,74
"School Galandou Diouf",14.7029474,-17.4711116,21
"3 Voie de degagement N, Dakar, Sicap-Liberté, Voie de degagement Nord",14.7191576,-17.4706141,3
"rue DF149, Pikine, , rue DF149",14.737242689952406,-17.418466560132476,51
"Rue Mousse Diop",14.6693709,-17.4351986,9
"Rue GT-61, Dakar, , Rue GT-61",14.68203985359321,-17.455441183612713,3
"PN-42, Pikine, , PN-42",14.75842955389472,-17.39236201058818,2
"Avenue Faidherbe",14.6752544,-17.436938,15
"Plots Assainies Unité 8",14.7569842,-17.4297814,47
"136 Rue YF 578, Dakar, Yoff, Rue YF 578",14.7530369,-17.4733129,3
"13061 Rte de l'Aeroport, Dakar, Ngor, Route de l'Aeroport",14.7501395,-17.5043663,1
"DF-131, Pikine, , DF-131",14.738311000632361,-17.41869876335673,7
"La Brioche Dorée - Nord Foire",14.7550204,-17.4626237,63
"621 Rue GY-291, Dakar, Grand Yoff, Rue GY-291",14.7410626,-17.4543015,1
"866 Av. du Cardinal Hyacinthe Thiandoum, Dakar, Grand Yoff, Avenue du Cardinal Hyacinthe Thiandoum",14.736361,-17.4555826,1
"Ambassade de la Russie",14.6677882,-17.4390311,3
Yeumbeul,14.7721845,-17.3581264,145
"SICAP Liberte 1",14.7108661,-17.4610313,39
"Cem Hlm Grand Yoff",14.7405177,-17.4554687,9
"Marche Grand Yoff",14.7389492,-17.4487668,54
"Robinet Lassana",14.7121245,-17.4496425,14
"315 Pikine Rue 10, Dakar, , Pikine Rue 10",14.754327,-17.3994146,2
"Mosquée Cité Assemblée Ouakam",14.7306121,-17.4946002,78
Jaxaay,14.7703614,-17.2899342,18
"61 Avenue Place 71, Dakar, Dakar-Plateau, Avenue PL 71",14.6721853,-17.4372661,1
"319 Rue 10, Dakar, Médina, Rue 10",14.6798668,-17.4525899,1
"Zac mbao",14.7530315,-17.2985924,219
"Rue MZ-107, Dakar, , Rue MZ-107",14.704573868504207,-17.471049151501038,1
"HLM Grand Médine",14.7595804,-17.449201,213
"Mayor of the Municipality of Dalifort Forail",14.7408749,-17.4181929,21
"TotalEnergies MARISTES",14.735217,-17.4378161,48
"H.L.M 6",14.7036884,-17.4447648,98
"Rue AAB-17, Dakar, , Rue AAB-17",14.701895896143025,-17.458696510449368,31
"Diwanou Abdou Aziz Mbacke keur massar cite sotrac",14.7814661,-17.3072008,9
"La Brioche Dorée Ouakam",14.7292937,-17.4912997,84
"Hôpital Youssou Mbargane Diop",14.7259872,-17.2596207,9
"Restaurant le BAZOFF",14.7060052,-17.4601211,20
"Avenue Cheikh Ahmadou Bamba Mbacké, Dakar, , Avenue Cheikh Ahmadou Bamba Mbacké",14.722888353878702,-17.455553975090087,56
"383 Rue Carabane, Dakar, Biscuiterie, Rue Carabane",14.7023952,-17.4479126,11
"Rue 34, Dakar, , Rue 34",14.688442974112235,-17.445148608149466,50
"H.L.M 2",14.7149337,-17.4447648,42
"Dalifort Forail",14.7406998,-17.4114955,97
Yarakh,14.6987562,-17.436304,206
"Yoff ndeungagne",14.7471263,-17.4902556,15
"Clinique - Medico Chirurgicale Naby",14.7351232,-17.2869648,13
"Immeuble Marega Zone A Grand Dakar www.dial221.com",14.7042209,-17.4525359,12
"BOUSSO DRAME",14.7561351,-17.4440887,3
"EDK station Oil Marist",14.7416518,-17.4271703,75
"Liberté 6 extention",14.7073814,-17.4774925,2
Dalifort,14.7395403,-17.4114146,20
"Le bon coin",14.6935004,-17.4536898,32
"Bachou fitness",14.7092831,-17.4677203,1
"Agence Nationale de Conseil Agricole et Rural - ANCAR",14.732442,-17.4317318,2
"Avenue Cheikh Ahmadou Bamba Mbacké( Rue HLM-17), Dakar, , Avenue Cheikh Ahmadou Bamba Mbacké( Rue HLM-17)",14.720556131183642,-17.446386632269828,22
"Health Center Modulaire Mamadou Diop",14.7300255,-17.4707193,37
"Nimzat, Dakar, Guediawaye, ",14.7775607,-17.3150019,26
"Artisan Boulanger Eric Kayser",14.6646201,-17.4343039,11
"132 Rue GY 113, Dakar, Grand Yoff, Rue GY 113",14.729957,-17.4617604,1
"Rue 17 & Rue 8",14.6784528,-17.4518129,1
"RIDWAN MBAO",14.7464347,-17.329504,106
"931 Rue ME-15x08, Plateau, Médina, Rue ME-15x08",14.678165,-17.4515462,4
"Rond Point Sipres Zac Mbao",14.739621,-17.2886375,25
"Chantier Ouest Foire Keur Bada",14.7483215,-17.4733993,1
Fifi,14.748134,-17.47412689999999,1
"Avenue Emile Badiane",14.6708137,-17.439222,11
"Rue 22",14.6837784,-17.4479085,29
Cambérène,14.7716841,-17.4218702,145
"Cité Gendarmerie 2",14.7641765,-17.3239347,39
"Route sans nom, Niakul Rap, , Route sans nom",14.7850906,-17.2732064,1
Baobab,14.7063288,-17.4629263,40
"Auchan Sacré Cœur",14.719563,-17.4660224,22
Grand-Mbao,14.7293538,-17.3213204,134
"SC-17, Dakar, , SC-17",14.723416553278529,-17.46836231742899,70
"Clinique Nour Pole Mère Enfant De Dakar",14.7158862,-17.4695546,9
"Rue OKM 241",14.7292734,-17.4820883,1
"206 Rue SC 112, Dakar, Mermoz-Sacré-Cœur, Rue SC 112",14.7154853,-17.4689079,1
"Pharmacie Anna KADET",14.6572773,-17.4346976,2
"Avenue Cheikh Ahmadou Bamba Mbacké",14.7019659,-17.4470789,5
"Rue CA 207",14.7706039,-17.4200911,2
"scat urbam hôpital americain, Dakar, Grand Yoff, ",14.7398959,-17.4579992,1
Fann,14.69115,-17.4706438,18
"138 Rue CO 37, Dakar, Colobane, Rue CO 37",14.6934635,-17.4436578,168
"Mosquée Unité 10 Nord",14.7613362,-17.4366159,43
"Jumia Dépôt Vendeurs - Liberté 6",14.7300906,-17.4579722,38
"Grand Dakar",14.699931,-17.4539407,206
"Rue LIB 224",14.7152349,-17.4575264,1
"Mosquée Hann marinas",14.7089786,-17.4296309,53
Padoi,14.716677,-17.4676861,21
"Senegindia SA",14.752305,-17.4956763,66
"Cité Gendarmerie Keur Massar",14.7642383,-17.2792004,22
"bountou pikine RN",14.7453971,-17.4009765,37
"Rue Tally Bou Mak",14.7584105,-17.3953019,3
"Pathé Dakar",14.7120223,-17.4756291,9
"Rue de Tamba (PE-42), Dakar, , Rue de Tamba (PE-42)",14.695722592122864,-17.458761987982644,90
"240 Rue GY 450, Dakar, Grand Yoff, Rue GY 450",14.7423633,-17.4454617,1
"Avenue Peytavin, Dakar, , Avenue Peytavin",14.669187871302006,-17.437342780920837,12
"Autoroute Seydina-Limamoulaye, Dakar, , Autoroute Seydina-Limamoulaye",14.731243883315841,-17.440572267825708,50
"Rue OKM-472, Dakar, , Rue OKM-472",14.727570181182672,-17.49811952558975,20
"Dibiterie Chez Roger - Ngor",14.7492668,-17.511602,11
"Cite avion",14.7220297,-17.4802567,106
"Rue HB-47, Dakar, , Rue HB-47",14.709165468241487,-17.430465177608966,96
"Route de Ouakam Mamelles, Dakar, Ouakam, Route de la Corniche Ouest",14.7268823,-17.5013429,4
"Rue GY 476",14.7387954,-17.4455391,5
"448 Pikine Rue 10, Dakar, , Pikine Rue 10",14.7622812,-17.3949683,1
"Route de Malika, Pikine, , Route de Malika",14.793774749117443,-17.332090168541505,80
"Aller pape Gueye Fall",14.6771645,-17.4407952,1
"Rue HLM 68",14.7167667,-17.4443499,2
"Poste Medina",14.6769489,-17.445898,46
"Terrain Mobile",14.7315427,-17.4292305,1
"Rue Paul Holle, Dakar, , Rue Paul Holle",14.670874901755086,-17.437639944790863,3
"120 Avenue Place 71",14.6713242,-17.4374908,1
"Rue 27",14.6848466,-17.4490386,14
"Rue HLM 312",14.7025723,-17.4445355,1
"Terrain de football captage",14.7287713,-17.443064,2
"Laboratoire d'analyses médicales Caserne Samba Diery Diallo",14.6900727,-17.4457898,1
"Usine benne tally",14.7114689,-17.4468705,14
"Pharmacie Alhadia",14.7608705,-17.42605009999999,1
"Jaxaay-Parcelle-Niakoul Rap",14.7750486,-17.2802335,15
"Rue GY-30, Dakar, , Rue GY-30",14.73855246259783,-17.471137313602235,84
"Rue MZ 74",14.7101944,-17.4725516,13
"Mamelles Touba Almadies No372",14.734548,-17.5020427,25
"915 Av. du Cardinal Hyacinthe Thiandoum, Dakar, Grand Yoff, Avenue du Cardinal Hyacinthe Thiandoum",14.735955,-17.4553367,1
"La Brioche Dorée Medina",14.6867011,-17.4462421,24
"585 Rue PO 137, Dakar, , Rue PO 137",14.7471259,-17.3932415,1
"Auchan Hypermarché Mermoz",14.712262,-17.4762659,13
"Parcelle Assainies Unite 22",14.7609002,-17.4411424,131
Dalifor,14.7097126,-17.4306576,32
"457 Rue DF 131, Dakar, Hann Bel-Air, Rue DF 131",14.7372757,-17.4184049,53
"N1, Pikine, , N1",14.7460478,-17.3717627,2
"Hospital Dalal Jamm",14.773142,-17.4083184,49
"Rue GY 169",14.7362598,-17.4605871,2
"Decathlon Yoff",14.7539754,-17.4672626,4
"Ism Madiba Leadership Institute",14.6903675,-17.45779539999999,1
"Mosquée Ouakam Cité Comico",14.7285891,-17.4824702,46
"Unité 16",14.7614445,-17.4432861,11
"Sandaga Marché Santa Yalla",14.6703535,-17.4367784,8
"7130 Rue MZ 135, Dakar, Mermoz-Sacré-Cœur, Rue MZ 135",14.7017027,-17.4720201,16
"Rue YF 488",14.753993,-17.4911958,7
SST,14.7269548,-17.4445015,9
"cheikh anta, Dakar, , cheikh anta",14.697214878515261,-17.464711471243056,13
"Service Cardiology Hospital Fann",14.693158,-17.4697138,5
"Dhl Roundabout Square Parcelles Assainies",14.763333,-17.4397426,25
"18 Boulevard de la République, Dakar, Dakar-Plateau, Boulevard de la République",14.6652422,-17.4352666,5
"Thiaroye sur Mer",14.7432123,-17.384932,80
"Boulangerie CAPA",14.7199843,-17.4321779,4
"Wazobia sewing and greation center",14.7573084,-17.4674943,20
"9 Rte de l'Aeroport, Dakar, Yoff, Route de l'Aeroport",14.7500129,-17.4646035,2
"Institution Immaculée Conception",14.6721209,-17.4286379,3
"Mammamia Almadies",14.7373426,-17.5099651,7
"Rond point des Almadies",14.7368452,-17.5091302,17
"CLINIQUE MEDIC'KANE",14.7192927,-17.4718662,18
"115 Rue Place 127",14.6760215,-17.4442911,2
"H.L.M 3",14.7125593,-17.4436557,39
"2 Rue ME-15, Dakar, Médina, Rue ME-15",14.6829639,-17.4461048,10
"Les Almadies",14.7445334,-17.525368,5
"Cite assemblée",14.707575,-17.471976,3
"La Graine D'or",14.7494012,-17.5060933,36
"Espace Ataya",14.7471931,-17.45889589999999,47
"SCTMT Logistics Park Mole 10",14.6852118,-17.4349928,22
"Immeuble KÉBÉ",14.6687649,-17.4402035,105
"Cices foire Lot38",14.7435094,-17.4598759,11
"Fann Hock",14.6810097,-17.4654678,76
"Pharmacie Abou Houreyra",14.7110421,-17.4789828,38
"Embarcadère Île de Gorée",14.6744806,-17.4320047,16
Thiaroye,14.747904,-17.3251583,68
"S.I.C.A.P. Liberte 2",14.712386,-17.4595525,34
"layart studio",14.7286224,-17.4821661,1
"Rue DF-28, Pikine, , Rue DF-28",14.743007250416007,-17.421856212293136,3
"H.L.M 1",14.7167765,-17.4436557,45
Sicap-Liberté,14.7217792,-17.4633259,9
"Rue HLM, Dakar, , Rue HLM",14.71637444572031,-17.44513998741046,16
"Rond Point Liberté 6 - 2 voies camp pénal, Dakar, Grand Yoff, ",14.73448,-17.461885,1
"46 Rue GY 187, Dakar, Grand Yoff, Rue GY 187",14.7389133,-17.4616783,7
"Parcelle unité 25",14.7506593,-17.4503442,58
"Pharmacie marinas",14.707966,-17.4296686,44
"Bureau Poste Peytavin",14.6678679,-17.4418678,8
"La Poste de Dakar-Ponty",14.6695912,-17.4332321,5
Mall&Co,14.725124,-17.4618354,4
"People Input",14.7385053,-17.4672371,2
"Bene tally",14.7104234,-17.4505993,1
Dakar,14.716677,-17.4676861,63
"Présidence de la république",14.6632967,-17.4333605,1
"Avenue des Ambassadeurs",14.69605,-17.469364,10
"Rue de Valmy",14.6727465,-17.4397715,24
"Centre Commercial Touba Sandaga",14.6707382,-17.4375239,82
"S.I.C.A.P. Liberte 4",14.7197942,-17.4591828,106
"Police Station De Reubeuss",14.6748287,-17.446353,27
"Medina rue 6",14.6746234,-17.4507335,45
"La Sénégalaise de l'Automobile",14.6946198,-17.4372426,8
"CBAO- Agence Mariste",14.7387542,-17.4313924,27
"Rue FA-47, Dakar, , Rue FA-47",14.691732799064939,-17.450274966746193,2
"marché thiaroye gare",14.7586259,-17.3789729,10
"Casa Nova",14.7499682,-17.5048354,1
"Ouakam Terminus TATA N:44 et 42",14.7290012,-17.4900594,44
"569 Rue GY-137, Dakar, Grand Yoff, Rue GY-137",14.7391717,-17.4480367,11
"Le Ndiambour "boulangerie et patisserie"",14.7698572,-17.4158623,1
"Poste thiaroye",14.760332,-17.3947025,86
"Health Center Nabil Choucair/Patte D'oie",14.7438478,-17.4441605,73
"BENN TALLY",14.7145093,-17.449409,6
"Marché Grand Dakar",14.7052847,-17.4556808,12
"Dakar pompiers",14.7237121,-17.4942333,9
"CENTRE COMMERCIAL KHALIFA SALL",14.6778937,-17.4394396,4
"N1, Dakar, , N1",14.7448633,-17.38161,6
"Ouest foir",14.752483,-17.47618229999999,7
"6059 Rue SC 02, Dakar, Sicap-Liberté, Rue SC 02",14.7221299,-17.4638697,6
"GT-62, Dakar, , GT-62",14.681516659940172,-17.458303946414404,8
"Mamelles Aviation",14.7305824,-17.4989597,28
"Mosquée De Gibraltar Centenaire",14.686822,-17.4449401,14
"SAMA DESIGN",14.7142786,-17.4662108,3
"Bopp, Dakar, Biscuiterie, ",14.7022717,-17.4475033,1
"Marché Castor",14.7243149,-17.4492834,20
"Yum-yum Nord Foire",14.753127,-17.4570429,77
"Lib-186, Dakar, , Lib-186",14.718990049788644,-17.459164462952586,16
"Camp Leclerc Pharmacy",14.729377,-17.4623287,30
"Ecole Asselar",14.706651,-17.4507722,5
"Restaurant Le Carré Dakar",14.7409888,-17.5225159,3
"Centre Bopp",14.7021757,-17.4478609,35
"540 Rue GY-137, Dakar, Grand Yoff, Rue GY-137",14.739246,-17.4481419,2
"Radio Televison Senegalaise",14.6793106,-17.4442103,9
"Pikine tali bou mak",14.7500072,-17.3972984,44
"Elite Coffee Dakar",14.7140665,-17.4662202,4
"Dentiste, Dr Evelyne ATTAL-FURIOSI",14.7172879,-17.48506549999999,4
"Hospital Center University De Fann",14.6947013,-17.4641781,36
"Diewo deco-perçante",14.7587565,-17.4699343,82
"Hospital Samu",14.7384351,-17.4657828,15
"Keur Ndiaye Lo",14.7430342,-17.2450653,56
"Route sans nom, Dakar, Hann Bel-Air, Route sans nom",14.7333444,-17.4316413,362
"46 Rue HB-323, Dakar, Hann Bel-Air, Rue HB-323",14.7377507,-17.4238779,2
"Presidency of Senegal",14.6643315,-17.4327731,2
"Pharmacie Gambetta",14.6714712,-17.4375097,33
"Enda Pronat",14.6679133,-17.4348102,1
"SupDeco Campus Point E",14.6946103,-17.456863,3
"Marche Tilene",14.6816955,-17.4497116,176
"Rue GD-10, Dakar, , Rue GD-10",14.70948356332037,-17.456961804055407,18
"Rue GY-06, Dakar, , Rue GY-06",14.740361990906347,-17.465176458638723,17
"Rue GY-37, Dakar, , Rue GY-37",14.738007311683937,-17.470603927954052,1
"Ave Cheikh Anta Diop, Dakar, Mermoz Sacre-coeur, Avenue Cheikh Anta Diop",14.7064363,-17.4797021,1
": Point E rue 8 x A villa, Dakar, Mermoz-Sacré-Cœur, ",14.7093097,-17.4813442,1
"Rue Imam Assane Ndoye (ME-19), Dakar, , Rue Imam Assane Ndoye (ME-19)",14.681783914257736,-17.449199277557735,6
"Avenue Blaise Diagne, Dakar, , Avenue Blaise Diagne",14.681027369328287,-17.44966620025806,36
"Rue13, Dakar, HLM, Rue13",14.7053107,-17.4465728,10
"Shell Patte d'oie",14.7423273,-17.4454915,16
"Terrain ASC Liberté 6",14.727045,-17.4627676,6
"Rue GY-250",14.7415478,-17.4561941,2
"pharmacie coope",14.7094457,-17.4495576,35
"Rue HLM-81, Dakar, , Rue HLM-81",14.713835695471067,-17.445108442068612,110
"719 Rte HB 77, Dakar, Hann Bel-Air, Route HB 77",14.7139289,-17.4328466,6
"Route des Maristes",14.7275665,-17.4367472,52
"787 Rte HB 77, Dakar, Hann Bel-Air, Route HB 77",14.7139163,-17.4328543,1
"Brioche dorée",14.7129288,-17.4670695,26
"Terrain basket nord foire",14.7523942,-17.4602919,40
"20 Rue YF 413, Dakar, Yoff, Rue YF 413",14.7497578,-17.4632826,26
Fadia,14.7601193,-17.4240634,53
"Fédération sénégalaise de Football",14.7471613,-17.4661813,2
"Le Comptoir",14.722822,-17.4647309,24
"La Brioche Dorée Unité 21",14.7552529,-17.4468768,6
"Djolof Chicken Parcelle Assainie u17",14.7602708,-17.4404908,13
"Khar Yalla",14.7305861,-17.4514192,85
"Terminaux Vraquiers du Sénégal - TVS, Necotrans, Môle 8, Port Autonome de Dakar",14.6855957,-17.4240782,3
"1 Rue PA17-32, Dakar, Les Parcelles Assainies, Rue PA17-32",14.7573392,-17.4385889,1
"Wadr 94.9 FM Dakar",14.7155068,-17.4638328,5
"Geul tapée",14.6814327,-17.4594104,9
"Mosquée cité Safco3",14.7878069,-17.2865238,10
"Lycée des Parcelles Assainies",14.7619057,-17.4236937,11
Jiwall,14.6789344,-17.4421863,1
"Avenue de la République, Dakar, , Avenue de la République",14.666044551586172,-17.43811421516642,37
"Utile Supermarket Sahm",14.685633,-17.4538013,18
"Guédiawaye -Rond-point Mor Fadam Dakar , Sénégal",14.7809256,-17.3854768,6
"Pharmacie Bourguiba",14.7181006,-17.450747,11
"Hamo 6",14.7853858,-17.3837744,59
"Rue FA-12, Dakar, , Rue FA-12",14.69155302499564,-17.455839665180974,1
"Rue AAB 19",14.7022006,-17.4574386,2
"Han village",14.7190981,-17.4346198,1
"Centre Amadou Malick GAYE de Bopp",14.7023154,-17.4475698,26
"Layene Digital",14.7609831,-17.4689722,1
"161 Rue GS 03, Dakar, Guédiawaye, Rue GS 03",14.7573312,-17.4279945,3
"Dakar diepeule dercle",14.7257225,-17.45262469999999,3
"Sicap rue 10",14.6995738,-17.4602046,34
"590 Rue GIB 32, Dakar, Gibraltar, Rue GIB 32",14.684298,-17.444394,2
"Marché Zing",14.7590788,-17.3945496,15
Gibraltar,14.686936,-17.4432861,42
"Mosquée Niary tally",14.7087678,-17.4528632,28
EMG,14.7264765,-17.4409998,34
"Stade Demba Diop",14.7107147,-17.4584434,28
"Rue YF 422, Dakar, Yoff, Rue YF 422",14.760158,-17.4783722,1
"Route sans nom, Dakar, Guédiawaye, Route sans nom",14.7758535,-17.4063794,92
"308 Rue 1, Dakar, Dieuppeul-Derklé, Rue 1",14.7254369,-17.4480865,1
"102 Rue LIB 33, Dakar, Sicap-Liberté, Rue LIB 33",14.7268089,-17.469844,12
Mosquée,14.7043298,-17.4598155,8
"35 Av. Malick Sy, Dakar, Dakar-Plateau, Avenue Malick Sy",14.6759183,-17.4470817,4
"140 Rue LIB 37, Dakar, Sicap-Liberté, Rue LIB 37",14.7268102,-17.4698973,3
"Police Kébémer",15.3665288,-16.4535662,1
"Hann Maristes 2, Dakar, Hann Bel-Air, ",14.740175,-17.4343711,10
"Tally Boumak",14.7504633,-17.4009283,44
"4171 Rue PN-40, Pikine, , Rue PN-40",14.7589263,-17.3925824,1
"111 Rue 13, Dakar, Médina, Rue 13",14.6787615,-17.4504165,1
"Cité Comico 4 Yeumbeul",14.7742695,-17.3503046,6
"Rue El Hadi Iman Moustapha Diop, Dakar, , Rue El Hadi Iman Moustapha Diop",14.67857439246576,-17.453996357959085,3
"Polyclinic Dakar Medina",14.6781312,-17.4456692,5
"Rte Saly-Ngaparou, M'bour, , Route Saly-Ngaparou",14.4415236,-17.0160554,1
"1362 Rue OKM 188, Dakar, Ouakam, Rue OKM 188",14.7219596,-17.4834598,16
"GD-15, Dakar, , GD-15",14.705167914282342,-17.457095057692875,1
"Cité Gabon Rufisque",14.7194237,-17.2906251,5
Gouta,13.6212937,-12.7178213,2
"rue GY-149, Dakar, , rue GY-149",14.734273750646958,-17.459411859202426,6
"Avenue Blaise Diagne",14.6807519,-17.4494977,17
"Diamalaye 1",14.7612887,-17.4543767,22
"Rbs Académya 02",14.7704037,-17.4154802,1
"1689 Rue 12, Dakar, Biscuiterie, Rue 12",14.7099569,-17.4498047,9
"Rue Abébé Bikila (GD31), Dakar, , Rue Abébé Bikila (GD31)",14.703779523008302,-17.45540228623969,3
"235 Rue GS 53, Dakar, Guédiawaye, Rue GS 53",14.7607626,-17.4224072,1
"Rue Adrian, Dakar, , Rue Adrian",14.741838416098377,-17.511781733499383,33
"Amadou Ba Hampaté University",14.6947842,-17.45428429999999,12
"Rue YF-12, Dakar, , Rue YF-12",14.762211681336277,-17.453891727491126,2
"14 Rue 20, Dakar, Médina, Rue 20",14.6862875,-17.4526582,1
Bodé,12.660274,-16.425684,1
"Route sans nom, Tambacounda, , Route sans nom",13.7686005,-13.663226,2
"BOULANGERIE PÂTISSERIE CUISINE NENE DATT",14.7446453,-17.4563764,6
"BEM Dakar",14.7152558,-17.4666971,21
"55 Rue GY 201, Dakar, Grand Yoff, Rue GY 201",14.7401715,-17.4598815,16
"Centre Hospitalier Abass Ndao",14.6847925,-17.4548822,75
"658 Rue BIS 46, Dakar, Biscuiterie, Rue BIS 46",14.7085746,-17.4524635,1
"37 Rue M. N'Goun, Dakar, Dakar-Plateau, Rue M. N'Goun",14.6711185,-17.4406658,1
"46 Av. Faidherbe, Dakar, Dakar-Plateau, Avenue Faidherbe",14.6760467,-17.4396332,1
Mbao,14.729852,-17.325817,43
"Camp penal",14.7323412,-17.4599999,73
"Commissariat De Dieuppeul",14.7174459,-17.4558718,27
"Radio Télévision Walfadjri",14.7280634,-17.45506989999999,6
"rue GY-167, Dakar, , rue GY-167",14.735300949655223,-17.460709384097257,5
"Toll diaz",14.7501882,-17.3084161,3
"LIB-24, Dakar, , LIB-24",14.729331356213628,-17.470577640950644,58
"SC-120, Dakar, , SC-120",14.71629196662917,-17.46785431982113,5
"457 Rue 10, Dakar, Médina, Rue 10",14.6789549,-17.451319,1
"Rue YF 558",14.7475664,-17.4859512,5
"N3, Thiès, Thies Est, ",14.7780748,-16.9110009,1
"Technopole de Pikine",14.7530736,-17.410233,2
"Police de Grand-Dakar",14.7026174,-17.4553757,12
"Rue Raffenel",14.6730551,-17.4361717,13
"Bureau de Poste de Ouakam - Point relais Jumia - Orange money seulement",14.7269285,-17.49348329999999,1
"Middle School Sacré-Cœur",14.713542,-17.463626,57
"Rte de Malika, Dakar, , Route de Malika",14.7874121,-17.3452643,37
"Marche de Colobane",14.6987499,-17.4427315,32
"Course Private Madiéye Sall",14.6855569,-17.4539196,7
IASS/MDB,14.7585498,-17.4269236,1
"Cité Baobab Grand Mbao",14.7295715,-17.3084068,21
"Route de Boune",14.7708999,-17.3554896,3
"1324 Rue BIS 56, Dakar, Biscuiterie, Rue BIS 56",14.7077737,-17.4527436,1
"Internship Du School Group Le Baobab, School Group Abdou Latif Gueye",14.7892296,-17.3647885,6
"30 Golf Nord 2, Dakar, Guédiawaye, Golf Nord 2",14.7803622,-17.3947439,4
"Layu Café",14.6930013,-17.4591285,8
"Cité Douane",14.7012571,-17.4443951,28
"PAI Guediawaye",14.7699291,-17.4063207,13
"Oaediaway 15000, Camberene, Camberene, ",14.7596622,-17.4268304,1
"338, Cité Assemblée Extension",14.732917,-17.4906005,1
"287 Rue LIB 42, Dakar, Sicap-Liberté, Rue LIB 42",14.729099,-17.4681159,1
"Rond-Point de l'Œuf, Dakar, , Rond-Point de l'Œuf",14.697745818307009,-17.460055040781086,18
"Terminus 56",14.7738762,-17.2881688,8
"Service de Chirurgie Thoracique et cardio-vasculaire",14.6943627,-17.4642423,5
"Ben Tally X Bourguiba",14.7060127,-17.4611215,18
"Immeuble Elimane Ndour, Dakar, Médina, ",14.6761679,-17.453851,5
"Résidence Mbissine Diouf",14.7755643,-17.4119948,18
"Terrain de football Sacre Coeur 3, Dakar, Sicap-Liberté, ",14.7150858,-17.4602959,34
"Cité Hamo 2",14.7572868,-17.4266161,13
"Mercerie Serigne Fallou Mbacke",14.7206576,-17.4556631,1
"Rue HLM-322, Dakar, , Rue HLM-322",14.701186467660282,-17.443554233615245,1
"Rocade Fann / Bel Air, Dakar, Hann Bel-Air, Rocade Fann / Bel Air",14.6979983,-17.4413572,1
"Rocade, Touba, , Rocade",14.8471541,-15.859712,2
Touba,14.8665572,-15.8994956,6
"174 Rue GS 25, Dakar, Guédiawaye, Rue GS 25",14.7593798,-17.4253449,4
"Clinical De L'amitié",14.7315352,-17.4567118,13
"Marine Française",14.7610362,-17.27364799999999,2
"sylla bois",14.754238,-17.4328764,4
"193 Rue GS 27, Dakar, Guédiawaye, Rue GS 27",14.75844,-17.4238817,1
"Terrain Ndingala",14.7619467,-17.4226248,3
"La Brioche Dorée - ouest foire",14.7497928,-17.4702047,90
"Unité 11",14.7609905,-17.4410845,25
"Ecole privée keur Mame Lamp Fall, Dakar, Les Parcelles Assainies, ",14.758175,-17.45205,1
"Immeuble KHADIM RASSOUL",14.7447683,-17.5134727,1
"578 Avenida Ayninafall, Thies, Thies Est, Avenida Ayninafall",14.7930701,-16.9199133,1
"Diaxaye 2 unité 21",14.7804751,-17.317853,10
Sebikotane,14.7450749,-17.1336827,14
"Niakul Rap",14.785039,-17.27524,8
Sangalkam,14.778973,-17.2260129,12
"Pharmacie GUIGON",14.6690715,-17.4371633,51
Dagoudane,14.75394,-17.394461,4
"Cite Adama Diop",14.7792628,-17.3992978,1
"Lake Retba",14.8387836,-17.2341324,1
"Bargny guedj",14.6874114,-17.22780699999999,35
"393 Rue DSM - 678, Pikine, , Rue DSM - 678",14.7543197,-17.3532468,3
"135 Rue YF 201, Dakar, Yoff, Rue YF 201",14.7582818,-17.4787002,5
"Villa 30 Cité Cosepi, Dakar, Yoff, Cité Cosepi",14.7494997,-17.4985263,2
"100 Rue PO 48, Dakar, Patte d'Oie, Rue PO 48",14.7450325,-17.4419168,1
"48-76 Rte des hydrocarbures, Dakar, Hann Bel-Air, Route des hydrocarbures",14.7090625,-17.4319108,1
"2277/B Rue DD-141, Dakar, Dieuppeul-Derklé, Rue DD-141",14.7205082,-17.4526407,1
"Cité Keur Yarakh",14.7320385,-17.4237304,8
"Hypermarche Exclusive Aeroport Yoff",14.7512905,-17.4887109,42
"Fass Paillote",14.6915601,-17.4517751,13
"Football Field",14.7035989,-17.4768465,4
"Guédiawaye, Dakar, Guédiawaye, ",14.7924282,-17.3605463,23
Tivaouane,14.9526715,-16.8119382,3
"1 Bd de St Louis, Plateau, Fann-Point E-Amitié, Boulevard de Saint Louis",14.692922,-17.4592025,1
"258 Rue MZ 04, Dakar, , Rue MZ 04",14.7259172,-17.4742654,7
"Clinique Rahma",14.7119056,-17.4771988,11
"Rue Kahone (BIS-61), Dakar, , Rue Kahone (BIS-61)",14.703818691633957,-17.450029485403086,1
"Cité Batrain",14.7162563,-17.4776686,116
"Centre De Santé Gaspard Kamara",14.7014762,-17.4586152,32
"Rte de Rufisque, Dakar, Hann Bel-Air, Route de Rufisque",14.702702702702702,-17.435786050073375,28
"Eguette's Almadies",14.743454,-17.5119859,26
"APPRENDRE LE CORAN",14.787017,-17.34516349999999,1
"Boulangerie Sandaga",14.671012,-17.4372675,27
"Dibiterie paco wane",14.7229737,-17.4649311,1
